{"cameraMode":{"drawMode":0,"name":"Shaded","section":"Shading Mode"},"sceneLighting":false,"audioPlay":false,"sceneViewState":{"showFog":false,"showMaterialUpdate":false,"showSkybox":false,"showFlares":false,"showImageEffects":false,"showParticleSystems":false},"in2DMode":false,"pivot":{"x":1178.6341552734375,"y":436.77337646484377,"z":-83.56442260742188},"rotation":{"x":-0.030967140570282937,"y":0.9598159790039063,"z":-0.1174965649843216,"w":-0.25296834111213686},"size":198.3141632080078,"orthographic":false}